,MUSYM,MUKEY,MUName,SurfText,Pore_size_dsitribution,residual_water_saturation,Sand,Clay,wetting_front_suction,Ksatcmhr,bulkdens_g/cm3,OrgMatter,3rdBar_FieldCap,15Bar_WiltingPt,Particle_Density_McBride,Porosity,First_Name
0,HNUF,467806,"Hulua gravelly silty clay loam, 25 to 70 percent slopes",GRAVELLY SILTY CLAY LOAM,0.177,0.04,0.253,0.381,42,9.454752,1.25,0.0278,0.329,0.224,2.56816,0.513270201,Hulua
1,HNUD,467805,"Hulua gravelly silty clay loam, 3 to 25 percent slopes",GRAVELLY SILTY CLAY LOAM,0.177,0.04,0.253,0.381,42,9.751032,1.25,0.0268,0.329,0.223,2.57096,0.513800292,Hulua
2,W,467917,Water > 40 acres,SAND,0.694,0.02,0,0,4.95,9.4628,0,0,0.46,0.33,2.646,0.668,Water
3,HtE,467819,"Hanamaulu stony silty clay, 10 to 35 percent slopes",STONY SILTY CLAY,0.15,0.056,0.108,0.462,95,3.401316,1.15,0.0115,0.324,0.228,2.6138,0.560027546,Hanamaulu
4,rRO,467925,Rock outcrop,BEDROCK,0.01,0.01,0,0,0.01,0.0792,0,0,0.42,0.34,2.646,0.666,Rock
5,HrB,467814,"Hanalei silty clay, deep water table, 0 to 6 percent slopes",SILTY CLAY,0.15,0.056,0.115,0.459,95,3.04416,0.96,0.0285,0.315,0.218,2.5662,0.625906009,Hanalei
6,rRH,467923,Riverwash,EXTREMELY GRAVELLY SAND,0.694,0.02,0.979,0.005,2,33.12,1.52,0.0007,0.46,0.33,2.64404,0.425122162,Riverwash
7,KUL,467831,Kolokolo extremely stony clay loam,EXTREMELY STONY CLAY LOAM,0.242,0.075,0.262,0.347,37,2.867688,1.1,0.0233,0.238,0.131,2.58076,0.573768967,Kolokolo
8,rWAF,467929,"Waialeale mucky silty clay loam, 30 to 70 percent slopes",MUCKY SILTY CLAY LOAM,0.177,0.04,0.131,0.266,42,5.896044,0.84,0.0561,0.299,0.133,2.48892,0.662504219,Waialeale
9,KVSB,467832,"Koolau silty clay, 0 to 8 percent slopes",SILTY CLAY,0.15,0.056,0.163,0.46,82,0.786564,0.73,0.0347,0.287,0.167,2.54884,0.713595204,Koolau
10,HnA,467812,"Hanalei silty clay, 0 to 2 percent slopes, MLRA 167",SILTY CLAY,0.15,0.056,0.109,0.4,80,2.87604,1.3,0.0355,0.335,0.248,2.5466,0.489515432,Hanalei
11,HMMF,467804,"Hihimanu silty clay loam, 40 to 70 percent slopes",SILTY CLAY LOAM,0.177,0.04,0.061,0.495,125,2.47572,1.2,0.0147,0.311,0.247,2.60484,0.539319114,Hihimanu
12,HsC,467816,"Hanamaulu silty clay, 8 to 15 percent slopes",SILTY CLAY,0.15,0.056,0.108,0.462,95,3.401316,1.15,0.0115,0.329,0.233,2.6138,0.560027546,Hanamaulu
13,rRR,467926,Rough broken land,SILTY CLAY LOAM,0.177,0.04,0.089,0.2,40,1.6596,0.68,0.0208,0.273,0.159,2.58776,0.737224472,Rough broken land
14,KVSE,467833,"Koolau silty clay, 8 to 30 percent slopes",SILTY CLAY,0.15,0.056,0.163,0.46,90,0.786564,0.73,0.0347,0.287,0.167,2.54884,0.713595204,Koolau
15,HsB,467815,"Hanamaulu silty clay, 3 to 8 percent slopes",SILTY CLAY,0.15,0.056,0.108,0.462,100,3.401316,1.15,0.0115,0.329,0.233,2.6138,0.560027546,Hanamaulu
16,PmE,467908,"Pooku silty clay, 25 to 40 percent slopes",SILTY CLAY,0.15,0.056,0.055,0.475,100,3.840768,0.85,0.0361,0.307,0.222,2.54492,0.666001289,Pooku
17,rAAE,467922,"Alakai mucky peat, 0 to 30 percent slopes, MLRA 164",MUCKY PEAT,0.165,0.09,0.039,0.245,50,8.517312,0.6,0.2568,0.469,0.184,1.92696,0.688628721,Alakai
18,Kw,467853,Kolokolo clay loam,CLAY LOAM,0.242,0.075,0.257,0.355,40,2.867688,1.1,0.0233,0.299,0.17,2.58076,0.573768967,Kolokolo
19,MZ,467866,Marsh,MUCKY PEAT,0.165,0.09,0,0,31,7.632,0,0.8368,0.52,0.36,0.30296,0.77,Marsh
20,rRT,467927,Rough mountainous land,SILTY CLAY LOAM,0.177,0.04,0.261,0.298,32,8.72856,0.95,0.0956,0.268,0.157,2.37832,0.600558377,Rough mountainous land
