<metadata xml:lang="en"><Esri><CreaDate>20230420</CreaDate><CreaTime>15441800</CreaTime><ArcGISFormat>1.0</ArcGISFormat><SyncOnce>FALSE</SyncOnce><DataProperties><lineage><Process ToolSource="c:\program files\arcgis\pro\Resources\ArcToolbox\toolboxes\Spatial Analyst Tools.tbx\ExtractValuesToPoints" Date="20230420" Time="154418">ExtractValuesToPoints metadata_pub_V20220401_XYTableToPoint dec_hr_avg C:\Users\bgorb\OneDrive\Documents\WMS_GSSHA\WMS_python\Rainfall_calculation\ArcGIS_for_avg_hourly_rainfall\ArcGIS_map\Rainfall_Calculation_working_map\Rainfall_Calculation_working_map.gdb\hr_avg_12 NONE VALUE_ONLY</Process><Process ToolSource="c:\program files\arcgis\pro\Resources\ArcToolbox\toolboxes\Conversion Tools.tbx\ExportTable" Date="20230420" Time="154433">ExportTable hr_avg_12 C:\Users\bgorb\OneDrive\Documents\WMS_GSSHA\WMS_python\Rainfall_calculation\ArcGIS_for_avg_hourly_rainfall\avg_hourly_monthly_all_gages_Kau\12_avg.csv # NOT_USE_ALIAS "FILENAME "FILENAME" true true false 8000 Text 0 0,First,#,hr_avg_12,FILENAME,0,8000;STATION_NAME "STATION_NAME" true true false 8000 Text 0 0,First,#,hr_avg_12,STATION_NAME,0,8000;ISLAND "ISLAND" true true false 8000 Text 0 0,First,#,hr_avg_12,ISLAND,0,8000;LAT "LAT" true true false 8 Double 0 0,First,#,hr_avg_12,LAT,-1,-1;LON "LON" true true false 8 Double 0 0,First,#,hr_avg_12,LON,-1,-1;ELEV_M "ELEV_M" true true false 8 Double 0 0,First,#,hr_avg_12,ELEV_M,-1,-1;DATE_START "DATE_START" true true false 8 Date 0 0,First,#,hr_avg_12,DATE_START,-1,-1;DATE_END "DATE_END" true true false 8 Date 0 0,First,#,hr_avg_12,DATE_END,-1,-1;COMPLETENESS "COMPLETENESS" true true false 8 Double 0 0,First,#,hr_avg_12,COMPLETENESS,-1,-1;SOURCES "SOURCES" true true false 8000 Text 0 0,First,#,hr_avg_12,SOURCES,0,8000;CORR_FLAG "CORR_FLAG" true true false 8000 Text 0 0,First,#,hr_avg_12,CORR_FLAG,0,8000;RASTERVALU "RASTERVALU" true true false 4 Float 0 0,First,#,hr_avg_12,RASTERVALU,-1,-1" #</Process></lineage><itemProps><itemName Sync="TRUE">12_avg.csv</itemName><imsContentType Sync="TRUE">005</imsContentType><itemLocation><linkage Sync="TRUE">file://\\BRIAN_GORBERG\C$\Users\bgorb\OneDrive\Documents\WMS_GSSHA\WMS_python\Rainfall_calculation\ArcGIS_for_avg_hourly_rainfall\avg_hourly_monthly_all_gages_Kau\12_avg.csv</linkage><protocol Sync="TRUE">Local Area Network</protocol></itemLocation><itemSize Sync="TRUE">0.000</itemSize></itemProps></DataProperties><SyncDate>20230420</SyncDate><SyncTime>15443300</SyncTime><ModDate>20230420</ModDate><ModTime>15443300</ModTime></Esri><dataIdInfo><envirDesc Sync="TRUE">Microsoft Windows 10 Version 10.0 (Build 22621) ; Esri ArcGIS 13.0.3.36057</envirDesc><dataLang><languageCode value="eng" Sync="TRUE"></languageCode><countryCode value="USA" Sync="TRUE"></countryCode></dataLang><idCitation><resTitle Sync="TRUE">12_avg.csv</resTitle><presForm><PresFormCd value="001" Sync="TRUE"></PresFormCd></presForm></idCitation></dataIdInfo><mdLang><languageCode value="eng" Sync="TRUE"></languageCode><countryCode value="USA" Sync="TRUE"></countryCode></mdLang><distInfo><distFormat><formatName Sync="TRUE">Text File</formatName></distFormat><distTranOps><transSize Sync="TRUE">0.000</transSize></distTranOps></distInfo><mdHrLv><ScopeCd value="007" Sync="TRUE"></ScopeCd></mdHrLv><mdHrLvName Sync="TRUE">non-geographic dataset</mdHrLvName><eainfo><detailed Name="12_avg.csv"><enttyp><enttypl Sync="TRUE">12_avg.csv</enttypl><enttypt Sync="TRUE">Table</enttypt><enttypc Sync="TRUE">0</enttypc></enttyp><attr><attrlabl Sync="TRUE">OID_</attrlabl><attalias Sync="TRUE">OID_</attalias><attrtype Sync="TRUE">Integer</attrtype><attwidth Sync="TRUE">4</attwidth><atprecis Sync="TRUE">0</atprecis><attscale Sync="TRUE">0</attscale></attr><attr><attrlabl Sync="TRUE">FILENAME</attrlabl><attalias Sync="TRUE">FILENAME</attalias><attrtype Sync="TRUE">String</attrtype><attwidth Sync="TRUE">8000</attwidth><atprecis Sync="TRUE">0</atprecis><attscale Sync="TRUE">0</attscale></attr><attr><attrlabl Sync="TRUE">STATION_NAME</attrlabl><attalias Sync="TRUE">STATION_NAME</attalias><attrtype Sync="TRUE">String</attrtype><attwidth Sync="TRUE">8000</attwidth><atprecis Sync="TRUE">0</atprecis><attscale Sync="TRUE">0</attscale></attr><attr><attrlabl Sync="TRUE">ISLAND</attrlabl><attalias Sync="TRUE">ISLAND</attalias><attrtype Sync="TRUE">String</attrtype><attwidth Sync="TRUE">8000</attwidth><atprecis Sync="TRUE">0</atprecis><attscale Sync="TRUE">0</attscale></attr><attr><attrlabl Sync="TRUE">LAT</attrlabl><attalias Sync="TRUE">LAT</attalias><attrtype Sync="TRUE">Double</attrtype><attwidth Sync="TRUE">8</attwidth><atprecis Sync="TRUE">0</atprecis><attscale Sync="TRUE">0</attscale></attr><attr><attrlabl Sync="TRUE">LON</attrlabl><attalias Sync="TRUE">LON</attalias><attrtype Sync="TRUE">Double</attrtype><attwidth Sync="TRUE">8</attwidth><atprecis Sync="TRUE">0</atprecis><attscale Sync="TRUE">0</attscale></attr><attr><attrlabl Sync="TRUE">ELEV_M</attrlabl><attalias Sync="TRUE">ELEV_M</attalias><attrtype Sync="TRUE">Double</attrtype><attwidth Sync="TRUE">8</attwidth><atprecis Sync="TRUE">0</atprecis><attscale Sync="TRUE">0</attscale></attr><attr><attrlabl Sync="TRUE">DATE_START</attrlabl><attalias Sync="TRUE">DATE_START</attalias><attrtype Sync="TRUE">Date</attrtype><attwidth Sync="TRUE">8</attwidth><atprecis Sync="TRUE">0</atprecis><attscale Sync="TRUE">0</attscale></attr><attr><attrlabl Sync="TRUE">DATE_END</attrlabl><attalias Sync="TRUE">DATE_END</attalias><attrtype Sync="TRUE">Date</attrtype><attwidth Sync="TRUE">8</attwidth><atprecis Sync="TRUE">0</atprecis><attscale Sync="TRUE">0</attscale></attr><attr><attrlabl Sync="TRUE">COMPLETENESS</attrlabl><attalias Sync="TRUE">COMPLETENESS</attalias><attrtype Sync="TRUE">Double</attrtype><attwidth Sync="TRUE">8</attwidth><atprecis Sync="TRUE">0</atprecis><attscale Sync="TRUE">0</attscale></attr><attr><attrlabl Sync="TRUE">SOURCES</attrlabl><attalias Sync="TRUE">SOURCES</attalias><attrtype Sync="TRUE">String</attrtype><attwidth Sync="TRUE">8000</attwidth><atprecis Sync="TRUE">0</atprecis><attscale Sync="TRUE">0</attscale></attr><attr><attrlabl Sync="TRUE">CORR_FLAG</attrlabl><attalias Sync="TRUE">CORR_FLAG</attalias><attrtype Sync="TRUE">String</attrtype><attwidth Sync="TRUE">8000</attwidth><atprecis Sync="TRUE">0</atprecis><attscale Sync="TRUE">0</attscale></attr><attr><attrlabl Sync="TRUE">RASTERVALU</attrlabl><attalias Sync="TRUE">RASTERVALU</attalias><attrtype Sync="TRUE">Single</attrtype><attwidth Sync="TRUE">4</attwidth><atprecis Sync="TRUE">0</atprecis><attscale Sync="TRUE">0</attscale></attr></detailed></eainfo><mdDateSt Sync="TRUE">20230420</mdDateSt></metadata>
