,Unnamed: 0.2,Unnamed: 0.1,Unnamed: 0,FILENAME,STATION_NAME,ISLAND,LAT,LON,ELEV_M,DATE_START,DATE_END,COMPLETENESS,SOURCES,CORR_FLAG
0,0,0,51,HI-41,PH WAINIHA,Kauai,22.1961,-159.5561,30.8,2/4/1966,12/31/2020,93.30327647,NCEI_COOPV2; UaHydroNet,Not applicable
1,1,1,52,HI-45,HANALEI,Kauai,22.1982002,-159.4951,4.8768,4/1/1998,12/31/2020,82.31952793,UaHydroNet,Pass
2,2,2,133,KPIH1,KAPAHI,Kauai,22.1021004,-159.3856,158.496,7/1/1994,12/31/2020,83.69866964,UaHydroNet; HADS,Pass
3,3,3,176,PRIH1,PRINCEVILLE AIRPORT,Kauai,22.2113991,-159.4433,97.536,11/23/2014,12/31/2020,94.27947109,UaHydroNet; HADS,Pass
4,4,4,218,USC00514561,KILAUEA,Kauai,22.2139,-159.4044,118.9,2/3/1966,5/8/2018,87.55558272,NCEI_COOPV2,Pass
5,5,5,233,USC00518165,PRINCEVILLE RANCH,Kauai,22.2181,-159.4828,66.1,3/18/1965,12/31/2020,89.99237308,NCEI_COOPV2,Pass
6,6,6,272,USGS_uv220356159281401,N WAILUA DITCH RAIN GAGE NR LIHUE,Kauai,22.0625,-159.4677222,338.328,7/5/2001,12/31/2020,98.72064986,USGS; HADS,Pass
7,7,7,273,USGS_uv220427159300201,MT. WAIALEALE RAIN GAGE NR LIHUE,Kauai,22.0708889,-159.4979722,1569.72,10/1/2007,12/31/2020,99.87261585,USGS; HADS,Pass
8,8,8,274,USGS_uv220443159235601,LB OPAEKAA RAIN GAGE NR KAPAA,Kauai,22.0756111,-159.3958889,139.72032,10/1/2007,10/26/2011,100,USGS,Pass
9,9,9,281,USGS_uv221101159280801,HANALEI RAIN GAGE AT HANALEI,Kauai,22.1795833,-159.4663889,18.288,10/1/2007,10/25/2011,97.64316377,USGS,Pass
10,10,10,291,WUHH1,WAILUA UH EXP STN,Kauai,22.0660992,-159.396,158,7/1/1994,12/31/2020,89.5120576,UaHydroNet; HADS,Pass
11,11,11,,WEST_RADAR,,,22.16499901,-159.4850006,,,,,,
12,12,12,,EAST_RADAR,,,22.14999962,-159.4349976,,,,,,
